{
  "train_size": 8120,
  "val_size": 1264,
  "train_distribution": {
    "math": 2000,
    "code": 120,
    "qa": 3000,
    "mixed": 3000
  },
  "val_distribution": {
    "math": 200,
    "code": 464,
    "qa": 300,
    "mixed": 300
  },
  "train_ratios": {
    "math": 0.24630541871921183,
    "code": 0.014778325123152709,
    "qa": 0.3694581280788177,
    "mixed": 0.3694581280788177
  },
  "val_ratios": {
    "math": 0.15822784810126583,
    "code": 0.3670886075949367,
    "qa": 0.23734177215189872,
    "mixed": 0.23734177215189872
  },
  "dataset_stats": {
    "gsm8k": {
      "train": 7473,
      "test": 1319
    },
    "humaneval": {
      "train": 0,
      "test": 164
    },
    "mbpp": {
      "train": 120,
      "test": 300
    },
    "commonsenseqa": {
      "train": 9741,
      "test": 1140
    },
    "hotpotqa": {
      "train": 3702,
      "test": 3703
    },
    "mmlu": {
      "train": 99842,
      "test": 14042
    }
  },
  "config": {
    "target_train_size": 10000,
    "keep_small_threshold": 500,
    "seed": 42,
    "type_ratios": {
      "math": 0.2,
      "code": 0.2,
      "qa": 0.3,
      "mixed": 0.3
    }
  }
}